customerID,gender,SeniorCitizen,tenure,PhoneService,InternetService,MonthlyCharges,TotalCharges,Churn
CUST00001,Male,1,8,No,Fiber optic,71.21,613.5,No
CUST00002,Male,0,62,Yes,Fiber optic,24.49,1230.58,No
CUST00003,Female,0,6,Yes,No,103.81,587.57,No
CUST00004,Female,0,22,Yes,Fiber optic,93.42,2242.08,No
CUST00005,Male,0,57,No,Fiber optic,27.23,1780.82,No
CUST00006,Male,0,60,No,Fiber optic,27.62,2098.31,No
CUST00007,Female,0,40,Yes,Fiber optic,66.63,2654.8,Yes
CUST00008,Female,0,35,Yes,Fiber optic,98.45,,No
CUST00009,Male,0,2,Yes,Fiber optic,98.53,201.59,No
CUST00010,Female,0,60,Yes,Fiber optic,76.67,4820.1,No
CUST00011,Male,1,2,Yes,Fiber optic,72.58,155.4,Yes
CUST00012,Female,0,17,No,Fiber optic,96.7,1660.26,Yes
CUST00013,Female,1,24,No,No,43.17,1134.88,Yes
CUST00014,Female,0,52,No,DSL,60.41,3298.8,No
CUST00015,Female,1,59,No,No,54.35,2659.05,No
CUST00016,Male,0,5,Yes,Fiber optic,69.21,326.51,Yes
CUST00017,Male,0,41,Yes,Fiber optic,60.12,2837.06,Yes
CUST00018,Female,0,6,Yes,DSL,91.67,540.52,Yes
CUST00019,Male,0,10,Yes,DSL,106.8,988.6,Yes
CUST00020,Female,0,37,Yes,No,52.31,1699.3,No
CUST00021,Male,0,39,Yes,Fiber optic,32.12,1204.2,No
CUST00022,Female,0,38,Yes,DSL,33.86,1104.01,No
CUST00023,Male,0,5,Yes,Fiber optic,91.33,491.58,Yes
CUST00024,Male,0,3,No,DSL,61.41,168.11,No
CUST00025,Male,1,12,No,DSL,83.35,1106.41,No
CUST00026,Female,0,57,Yes,DSL,48.08,2615.51,No
CUST00027,Female,0,17,No,DSL,51.34,991.33,No
CUST00028,Female,0,17,Yes,No,97.71,1827.39,No
CUST00029,Male,0,9,Yes,Fiber optic,93.1,912.85,Yes
CUST00030,Male,0,2,No,Fiber optic,77.9,156.98,Yes
CUST00031,Female,1,0,Yes,DSL,83.84,,No
CUST00032,Female,0,12,Yes,DSL,66.76,880.02,No
CUST00033,Female,0,58,No,Fiber optic,88.74,4676.76,No
CUST00034,Female,0,11,Yes,DSL,60.34,636.37,No
CUST00035,Male,0,10,Yes,DSL,95.75,1024.77,Yes
CUST00036,Female,1,40,Yes,Fiber optic,62.21,2731.74,No
CUST00037,Male,1,6,Yes,Fiber optic,101.2,624.42,No
CUST00038,Female,0,19,No,DSL,91.12,1635.8,No
CUST00039,Male,0,11,No,DSL,73.05,904.61,No
CUST00040,Male,0,35,No,DSL,49.17,1755.19,No
CUST00041,Male,0,9,Yes,Fiber optic,104.27,949.36,Yes
CUST00042,Female,0,1,No,DSL,107.81,111.92,Yes
CUST00043,Male,0,6,Yes,DSL,98.79,616.69,No
CUST00044,Male,0,69,No,No,56.62,3906.59,No
CUST00045,Male,0,9,Yes,No,100.11,919.8,No
CUST00046,Male,0,61,Yes,Fiber optic,30.41,1400.91,Yes
CUST00047,Male,0,70,Yes,Fiber optic,29.35,2393.43,Yes
CUST00048,Male,0,41,Yes,DSL,94.73,3836.24,No
CUST00049,Male,0,12,Yes,Fiber optic,88.73,1117.1,No
CUST00050,Male,0,47,No,Fiber optic,50.66,2494.27,No
CUST00051,Male,1,14,No,Fiber optic,76.82,1032.86,Yes
CUST00052,Male,0,17,No,DSL,69.31,1083.73,No
CUST00053,Male,0,3,No,Fiber optic,65.31,173.01,Yes
CUST00054,Male,0,26,No,DSL,27.56,738.73,No
CUST00055,Male,0,35,Yes,DSL,98.87,,No
CUST00056,Male,1,41,Yes,No,43.69,1885.44,Yes
CUST00057,Female,0,44,Yes,DSL,96.78,4213.55,No
CUST00058,Female,0,40,Yes,Fiber optic,26.63,1426.94,Yes
CUST00059,Female,0,55,No,Fiber optic,83.64,5083.95,Yes
CUST00060,Female,1,12,Yes,DSL,85.68,1112.1,No
CUST00061,Male,0,46,No,Fiber optic,60.38,3062.43,No
CUST00062,Male,0,67,Yes,No,77.45,,No
CUST00063,Male,0,12,No,DSL,76.38,876.0,No
CUST00064,Female,0,44,No,DSL,85.75,3878.41,No
CUST00065,Male,0,21,Yes,DSL,79.3,1544.42,No
CUST00066,Male,0,36,Yes,DSL,25.31,724.5,No
CUST00067,Male,0,7,Yes,Fiber optic,100.78,680.84,Yes
CUST00068,Male,1,26,No,Fiber optic,56.45,1549.6,No
CUST00069,Female,0,29,Yes,No,58.75,1528.66,No
CUST00070,Female,0,31,Yes,DSL,73.27,2551.0,No
CUST00071,Female,0,25,Yes,DSL,71.46,1667.9,No
CUST00072,Female,1,52,No,DSL,22.26,1539.28,No
CUST00073,Male,0,72,No,No,60.35,4658.57,No
CUST00074,Female,0,35,No,DSL,37.99,1060.83,No
CUST00075,Male,0,47,No,Fiber optic,80.08,4224.01,Yes
CUST00076,Male,0,29,No,DSL,66.44,1719.74,No
CUST00077,Male,0,0,Yes,DSL,76.13,,Yes
CUST00078,Male,0,39,No,Fiber optic,29.91,1154.96,No
CUST00079,Male,0,53,Yes,DSL,54.64,3011.96,No
CUST00080,Male,0,2,Yes,DSL,90.78,165.39,No
CUST00081,Female,1,38,Yes,Fiber optic,66.5,2735.43,No
CUST00082,Male,1,51,Yes,Fiber optic,52.15,2688.55,No
CUST00083,Male,0,68,No,Fiber optic,83.07,5150.97,No
CUST00084,Female,0,63,No,No,90.0,5236.39,No
CUST00085,Female,0,44,No,Fiber optic,46.91,,No
CUST00086,Female,0,51,Yes,DSL,92.27,4592.14,No
CUST00087,Male,0,2,No,Fiber optic,74.97,146.53,No
CUST00088,Female,1,15,No,DSL,43.87,543.02,Yes
CUST00089,Female,0,5,Yes,DSL,107.43,579.35,Yes
CUST00090,Female,0,9,Yes,Fiber optic,92.52,851.66,Yes
CUST00091,Female,0,16,Yes,Fiber optic,64.24,1023.26,No
CUST00092,Male,1,33,Yes,Fiber optic,39.79,1030.12,Yes
CUST00093,Female,0,11,No,Fiber optic,97.75,1035.5,Yes
CUST00094,Female,1,33,No,DSL,56.09,1864.38,No
CUST00095,Female,0,4,No,DSL,70.9,307.55,Yes
CUST00096,Female,0,5,No,Fiber optic,82.88,457.83,Yes
CUST00097,Female,0,65,Yes,Fiber optic,27.33,1625.76,Yes
CUST00098,Male,0,3,No,Fiber optic,94.6,300.67,No
CUST00099,Female,0,9,No,DSL,79.05,758.91,No
CUST00100,Male,0,69,Yes,No,50.63,3459.37,No
CUST00101,Female,0,1,No,Fiber optic,99.52,98.27,Yes
CUST00102,Male,0,19,No,DSL,89.3,1774.82,No
CUST00103,Female,0,70,No,Fiber optic,63.69,4036.64,Yes
CUST00104,Male,0,12,Yes,Fiber optic,52.31,589.96,Yes
CUST00105,Male,0,18,Yes,No,67.34,1119.29,No
CUST00106,Female,0,61,No,No,96.73,6176.09,No
CUST00107,Female,0,25,Yes,Fiber optic,80.67,1771.35,No
CUST00108,Male,0,52,Yes,DSL,85.56,4844.45,No
CUST00109,Female,1,68,No,Fiber optic,60.33,3502.67,No
CUST00110,Female,0,53,Yes,DSL,83.79,4438.71,No
CUST00111,Male,0,22,Yes,No,62.8,1313.95,No
CUST00112,Female,0,15,No,No,45.48,689.72,No
CUST00113,Female,0,14,Yes,Fiber optic,66.82,1040.85,No
CUST00114,Female,0,1,Yes,Fiber optic,95.27,96.18,No
CUST00115,Female,0,23,No,No,41.31,771.26,No
CUST00116,Female,0,51,Yes,DSL,71.58,3171.04,No
CUST00117,Female,1,47,Yes,DSL,21.21,811.67,Yes
CUST00118,Female,0,12,No,Fiber optic,75.24,1021.68,Yes
CUST00119,Female,0,3,No,Fiber optic,95.44,276.66,No
CUST00120,Male,1,45,Yes,Fiber optic,44.18,1658.26,Yes
CUST00121,Male,0,46,No,DSL,38.49,,No
CUST00122,Female,0,0,Yes,DSL,68.05,,No
CUST00123,Female,0,3,Yes,Fiber optic,87.5,245.14,Yes
CUST00124,Female,1,54,No,Fiber optic,92.18,4531.35,Yes
CUST00125,Male,0,12,No,Fiber optic,72.66,976.93,Yes
CUST00126,Male,0,58,Yes,Fiber optic,48.77,3275.46,No
CUST00127,Female,0,52,Yes,DSL,69.8,3749.78,No
CUST00128,Female,0,11,Yes,DSL,100.87,1212.78,No
CUST00129,Female,0,9,Yes,Fiber optic,108.32,987.34,Yes
CUST00130,Male,0,11,Yes,No,93.27,1133.47,Yes
CUST00131,Male,0,11,No,Fiber optic,62.26,772.03,No
CUST00132,Male,0,47,No,DSL,86.29,4424.68,No
CUST00133,Male,0,18,No,DSL,65.34,,No
CUST00134,Female,0,3,Yes,DSL,65.31,213.56,No
CUST00135,Male,0,0,Yes,DSL,83.05,,No
CUST00136,Female,0,50,Yes,Fiber optic,35.87,1736.46,Yes
CUST00137,Female,0,12,Yes,No,49.86,524.99,No
CUST00138,Female,0,8,No,DSL,102.3,774.89,Yes
CUST00139,Male,0,13,Yes,Fiber optic,72.99,826.07,No
CUST00140,Male,0,10,No,No,104.91,993.5,Yes
CUST00141,Male,0,49,No,DSL,78.36,3513.5,No
CUST00142,Male,0,37,Yes,DSL,79.02,3054.39,No
CUST00143,Male,1,71,No,Fiber optic,79.16,6198.54,No
CUST00144,Female,0,12,No,DSL,52.75,612.72,No
CUST00145,Male,0,30,Yes,DSL,60.06,2099.59,No
CUST00146,Female,0,10,Yes,Fiber optic,95.95,947.8,Yes
CUST00147,Female,0,1,No,Fiber optic,77.65,87.24,Yes
CUST00148,Female,0,24,Yes,DSL,69.38,1795.81,No
CUST00149,Female,0,8,No,No,86.1,732.01,Yes
CUST00150,Male,0,4,Yes,Fiber optic,96.91,371.03,Yes
CUST00151,Female,0,8,Yes,No,94.72,719.96,Yes
CUST00152,Male,0,56,No,DSL,38.64,2156.51,No
CUST00153,Male,0,9,No,Fiber optic,96.35,888.65,No
CUST00154,Female,0,68,No,Fiber optic,85.45,,No
CUST00155,Female,0,12,Yes,DSL,80.0,912.17,No
CUST00156,Female,0,9,Yes,DSL,61.71,492.55,No
CUST00157,Female,0,41,No,DSL,47.77,1730.03,No
CUST00158,Female,0,12,Yes,No,85.95,915.76,No
CUST00159,Female,0,0,Yes,Fiber optic,80.87,,Yes
CUST00160,Female,0,56,No,Fiber optic,29.18,2122.61,No
CUST00161,Female,0,11,Yes,DSL,76.03,862.1,Yes
CUST00162,Female,0,1,No,DSL,85.61,79.19,Yes
CUST00163,Male,1,51,Yes,DSL,82.24,3734.64,Yes
CUST00164,Female,0,31,Yes,No,28.71,618.52,No
CUST00165,Male,0,71,Yes,DSL,61.51,4286.97,No
CUST00166,Male,0,9,No,No,81.65,726.21,Yes
CUST00167,Male,1,55,No,Fiber optic,51.15,3253.9,Yes
CUST00168,Male,0,0,No,No,104.64,,Yes
CUST00169,Male,0,51,Yes,Fiber optic,93.47,5209.86,No
CUST00170,Female,1,55,No,Fiber optic,40.38,2325.7,No
CUST00171,Male,0,37,Yes,Fiber optic,29.4,829.77,No
CUST00172,Male,1,46,Yes,DSL,50.33,2735.31,No
CUST00173,Male,0,57,Yes,DSL,96.24,5896.84,No
CUST00174,Male,0,14,No,Fiber optic,96.65,1237.61,Yes
CUST00175,Male,0,8,No,DSL,75.2,648.5,Yes
CUST00176,Male,0,44,Yes,Fiber optic,40.71,1871.18,No
CUST00177,Female,0,6,No,DSL,94.19,514.53,Yes
CUST00178,Female,0,42,Yes,DSL,27.68,1261.75,No
CUST00179,Female,0,10,Yes,No,62.47,685.64,No
CUST00180,Female,0,28,Yes,DSL,70.19,1866.82,No
CUST00181,Male,0,48,Yes,No,27.61,1755.86,No
CUST00182,Male,0,1,Yes,Fiber optic,80.17,88.81,Yes
CUST00183,Female,0,6,No,Fiber optic,99.04,546.0,No
CUST00184,Female,1,40,No,DSL,32.39,1471.6,No
CUST00185,Male,0,46,Yes,Fiber optic,51.72,2285.39,No
CUST00186,Male,0,26,Yes,No,22.48,368.84,No
CUST00187,Male,0,45,No,No,56.76,2165.28,No
CUST00188,Female,0,13,No,Fiber optic,46.02,717.89,No
CUST00189,Male,0,31,Yes,DSL,80.06,2565.91,No
CUST00190,Female,0,10,No,Fiber optic,89.78,867.15,Yes
CUST00191,Female,0,10,Yes,No,91.72,827.1,Yes
CUST00192,Male,1,6,No,No,88.05,526.42,Yes
CUST00193,Male,0,23,Yes,Fiber optic,99.77,2301.14,No
CUST00194,Male,1,70,Yes,DSL,86.96,6773.06,Yes
CUST00195,Female,0,53,Yes,Fiber optic,92.66,4857.52,Yes
CUST00196,Female,0,0,No,DSL,63.07,,No
CUST00197,Female,0,9,Yes,No,71.97,687.64,Yes
CUST00198,Female,0,0,Yes,DSL,74.44,,Yes
CUST00199,Female,1,25,No,No,20.53,646.3,No
CUST00200,Female,1,47,Yes,Fiber optic,34.34,1261.3,Yes
CUST00201,Male,1,0,No,Fiber optic,74.61,,No
CUST00202,Female,0,11,Yes,DSL,61.59,750.93,No
CUST00203,Female,1,50,No,Fiber optic,45.63,2189.29,Yes
CUST00204,Male,0,55,No,No,63.16,3973.68,No
CUST00205,Male,0,25,No,No,30.17,524.06,No
CUST00206,Male,0,10,Yes,DSL,82.63,816.12,Yes
CUST00207,Female,0,13,No,DSL,61.63,745.08,No
CUST00208,Male,0,59,Yes,DSL,21.48,1376.37,No
CUST00209,Female,0,7,Yes,DSL,107.0,757.04,No
CUST00210,Female,0,0,No,DSL,90.84,,Yes
CUST00211,Female,0,13,Yes,DSL,51.7,673.88,No
CUST00212,Female,0,1,No,Fiber optic,108.24,110.74,No
CUST00213,Female,1,3,No,Fiber optic,101.44,283.05,Yes
CUST00214,Female,1,9,Yes,Fiber optic,62.52,,Yes
CUST00215,Male,0,62,No,Fiber optic,32.67,2147.39,Yes
CUST00216,Female,0,1,Yes,Fiber optic,62.16,67.5,No
CUST00217,Male,0,12,No,Fiber optic,63.44,664.22,No
CUST00218,Male,0,0,No,Fiber optic,83.83,,Yes
CUST00219,Female,1,53,No,No,45.82,1988.59,No
CUST00220,Male,0,9,Yes,Fiber optic,103.94,957.61,Yes
CUST00221,Female,0,9,Yes,DSL,81.91,652.44,Yes
CUST00222,Female,0,40,Yes,No,89.16,3735.23,No
CUST00223,Female,1,45,Yes,Fiber optic,52.0,2772.76,Yes
CUST00224,Female,0,59,Yes,DSL,47.37,2354.19,No
CUST00225,Male,0,0,Yes,DSL,80.13,,No
CUST00226,Male,0,56,No,DSL,50.82,2515.71,No
CUST00227,Male,0,8,Yes,DSL,98.69,715.1,No
CUST00228,Female,1,65,No,No,46.46,2658.43,No
CUST00229,Female,0,58,Yes,DSL,74.16,3929.56,No
CUST00230,Female,0,27,Yes,Fiber optic,72.12,1800.12,No
CUST00231,Female,0,49,No,DSL,84.35,4125.6,No
CUST00232,Male,0,6,Yes,DSL,75.97,507.63,Yes
CUST00233,Female,0,7,No,No,64.17,473.0,No
CUST00234,Female,0,63,No,Fiber optic,29.32,1446.29,No
CUST00235,Male,0,71,Yes,No,62.61,4060.96,No
CUST00236,Female,0,1,Yes,DSL,85.12,92.24,Yes
CUST00237,Male,1,23,No,Fiber optic,89.36,2079.82,No
CUST00238,Female,0,14,Yes,No,51.26,,No
CUST00239,Male,1,11,No,DSL,80.65,987.1,Yes
CUST00240,Male,0,23,Yes,DSL,30.21,533.13,No
CUST00241,Female,1,36,No,Fiber optic,39.39,1761.46,No
CUST00242,Female,0,8,Yes,DSL,76.53,,No
CUST00243,Male,0,6,No,Fiber optic,108.1,600.17,Yes
CUST00244,Male,0,52,Yes,DSL,90.41,4334.9,No
CUST00245,Male,1,56,Yes,DSL,38.43,2493.8,No
CUST00246,Female,0,72,No,Fiber optic,50.81,3965.64,No
CUST00247,Female,0,46,No,DSL,69.06,,No
CUST00248,Male,0,9,No,DSL,94.5,934.98,Yes
CUST00249,Male,0,9,Yes,Fiber optic,108.39,938.5,No
CUST00250,Female,0,42,Yes,No,90.02,4196.15,No
CUST00251,Female,1,20,No,DSL,61.97,1206.89,No
CUST00252,Female,0,39,Yes,DSL,52.68,2222.33,No
CUST00253,Female,0,30,No,DSL,80.13,2606.51,No
CUST00254,Male,0,5,Yes,Fiber optic,100.97,538.41,Yes
CUST00255,Female,0,28,No,Fiber optic,41.23,1190.18,No
CUST00256,Male,0,12,Yes,Fiber optic,97.9,1157.07,No
CUST00257,Male,1,68,No,No,46.21,2885.5,No
CUST00258,Female,0,59,No,No,69.62,3970.46,No
CUST00259,Female,0,70,No,DSL,57.67,4449.77,No
CUST00260,Female,1,28,Yes,DSL,29.6,740.05,No
CUST00261,Male,0,71,No,Fiber optic,22.63,1598.49,Yes
CUST00262,Male,0,63,Yes,Fiber optic,57.8,3527.18,No
CUST00263,Male,0,2,No,DSL,102.18,187.57,No
CUST00264,Female,0,5,Yes,Fiber optic,96.71,518.09,Yes
CUST00265,Male,1,2,Yes,Fiber optic,87.91,184.99,No
CUST00266,Female,0,28,Yes,Fiber optic,38.64,1277.02,No
CUST00267,Male,0,70,No,Fiber optic,79.9,6004.16,No
CUST00268,Male,0,65,No,DSL,79.44,,No
CUST00269,Male,1,29,No,Fiber optic,35.22,992.11,No
CUST00270,Male,0,11,Yes,No,108.11,1111.59,Yes
CUST00271,Female,0,9,Yes,DSL,72.89,626.28,No
CUST00272,Male,0,20,Yes,DSL,24.4,605.72,No
CUST00273,Male,0,20,No,DSL,54.94,1201.15,No
CUST00274,Female,0,4,No,Fiber optic,89.52,332.08,Yes
CUST00275,Female,0,44,Yes,DSL,90.57,4199.57,No
CUST00276,Male,0,5,No,No,88.9,468.75,Yes
CUST00277,Male,1,72,No,DSL,30.7,1655.6,Yes
CUST00278,Female,0,6,Yes,Fiber optic,73.79,389.0,No
CUST00279,Female,0,67,No,No,92.15,6625.36,No
CUST00280,Male,0,0,No,No,75.89,,No
CUST00281,Female,0,6,Yes,No,84.21,538.48,Yes
CUST00282,Male,0,3,No,No,107.95,294.17,No
CUST00283,Male,1,0,Yes,DSL,93.51,,No
CUST00284,Female,1,27,No,No,79.62,2176.31,Yes
CUST00285,Male,0,8,Yes,Fiber optic,64.86,,No
CUST00286,Female,1,62,Yes,Fiber optic,30.77,2222.52,Yes
CUST00287,Female,0,33,No,No,20.61,538.25,No
CUST00288,Male,0,14,Yes,Fiber optic,65.27,1009.09,Yes
CUST00289,Male,0,26,Yes,No,20.91,731.45,No
CUST00290,Male,0,12,No,Fiber optic,66.13,673.93,No
CUST00291,Female,0,7,No,DSL,68.76,506.97,No
CUST00292,Male,0,70,Yes,DSL,29.05,2049.31,No
CUST00293,Male,0,8,No,DSL,103.29,821.37,Yes
CUST00294,Female,0,20,No,Fiber optic,70.03,1325.55,Yes
CUST00295,Female,0,6,No,No,61.67,393.22,No
CUST00296,Male,0,9,No,DSL,80.37,722.26,Yes
CUST00297,Male,0,4,Yes,DSL,83.57,,Yes
CUST00298,Male,0,5,No,Fiber optic,94.77,519.52,No
CUST00299,Male,1,28,No,No,73.02,1950.43,No
CUST00300,Female,1,64,No,Fiber optic,76.36,4422.54,Yes
CUST00301,Female,0,67,Yes,DSL,46.39,2809.33,No
CUST00302,Female,0,29,Yes,Fiber optic,39.44,1391.46,No
CUST00303,Female,0,46,Yes,DSL,99.64,,No
CUST00304,Male,0,50,Yes,No,26.4,868.2,No
CUST00305,Male,0,67,No,DSL,51.85,2831.85,No
CUST00306,Female,1,6,No,Fiber optic,89.19,593.31,No
CUST00307,Male,0,26,Yes,Fiber optic,32.87,1050.59,No
CUST00308,Male,0,48,Yes,DSL,29.79,1766.64,No
CUST00309,Male,0,15,Yes,DSL,57.82,897.56,No
CUST00310,Female,0,40,Yes,DSL,34.75,1017.84,No
CUST00311,Male,0,58,No,No,47.83,3333.03,No
CUST00312,Female,0,2,No,Fiber optic,108.15,,No
CUST00313,Female,1,72,Yes,Fiber optic,94.92,6378.87,No
CUST00314,Female,0,9,No,DSL,61.1,614.0,No
CUST00315,Male,1,29,No,DSL,56.21,1824.35,No
CUST00316,Male,0,34,Yes,DSL,30.02,1049.8,No
CUST00317,Female,0,10,No,Fiber optic,83.32,778.64,Yes
CUST00318,Female,1,29,Yes,Fiber optic,35.39,911.35,Yes
CUST00319,Female,0,59,Yes,DSL,23.59,1071.47,No
CUST00320,Female,0,62,No,DSL,96.89,5638.25,No
CUST00321,Male,0,39,No,Fiber optic,90.0,3645.58,No
CUST00322,Female,0,49,No,DSL,50.49,2869.44,No
CUST00323,Female,0,6,No,Fiber optic,76.46,498.23,No
CUST00324,Female,0,58,Yes,Fiber optic,74.86,4791.04,Yes
CUST00325,Female,0,9,No,Fiber optic,76.96,781.58,No
CUST00326,Female,0,51,No,Fiber optic,80.72,3941.68,No
CUST00327,Female,0,0,Yes,Fiber optic,79.08,,Yes
CUST00328,Female,0,25,Yes,DSL,50.03,1474.18,No
CUST00329,Female,0,9,No,No,70.85,693.42,Yes
CUST00330,Female,0,57,No,DSL,77.7,3967.37,No
CUST00331,Male,0,63,No,DSL,38.09,2424.36,No
CUST00332,Female,0,72,No,Fiber optic,72.38,5227.22,No
CUST00333,Female,0,3,Yes,Fiber optic,96.46,296.99,Yes
CUST00334,Female,1,17,No,DSL,85.44,1588.34,Yes
CUST00335,Female,0,69,Yes,Fiber optic,64.03,4842.7,No
CUST00336,Female,1,6,No,No,61.55,400.66,Yes
CUST00337,Male,0,36,Yes,Fiber optic,33.52,1052.42,Yes
CUST00338,Female,0,6,No,Fiber optic,97.99,627.31,No
CUST00339,Female,1,40,No,Fiber optic,40.8,1626.82,Yes
CUST00340,Female,0,58,Yes,Fiber optic,84.65,5107.31,Yes
CUST00341,Female,0,62,Yes,DSL,94.01,5953.52,No
CUST00342,Female,1,56,Yes,DSL,87.69,4786.69,No
CUST00343,Male,0,71,Yes,DSL,55.87,3991.09,No
CUST00344,Female,0,0,No,Fiber optic,66.5,,No
CUST00345,Male,0,5,Yes,No,61.77,306.6,No
CUST00346,Female,0,60,Yes,Fiber optic,41.07,2509.4,Yes
CUST00347,Male,0,63,No,No,96.04,6395.34,No
CUST00348,Male,0,27,Yes,DSL,92.87,2388.64,No
CUST00349,Male,0,25,No,No,39.61,902.0,No
CUST00350,Male,0,30,Yes,DSL,32.12,1150.47,No
CUST00351,Female,0,19,No,DSL,38.54,618.21,No
CUST00352,Female,0,2,Yes,Fiber optic,83.95,170.72,Yes
CUST00353,Female,1,6,No,Fiber optic,86.11,564.37,Yes
CUST00354,Female,0,7,Yes,DSL,62.65,470.05,No
CUST00355,Female,0,63,No,Fiber optic,86.71,5222.39,No
CUST00356,Female,0,11,No,DSL,93.35,1089.95,No
CUST00357,Female,0,50,No,No,90.51,4081.59,No
CUST00358,Male,0,6,Yes,DSL,95.6,,Yes
CUST00359,Female,1,51,No,No,34.48,1332.12,No
CUST00360,Female,0,12,Yes,Fiber optic,52.21,702.03,No
CUST00361,Female,1,51,Yes,Fiber optic,42.92,2687.6,Yes
CUST00362,Male,0,8,No,No,70.93,534.4,Yes
CUST00363,Male,1,34,No,No,79.03,2876.45,No
CUST00364,Male,1,69,Yes,DSL,83.42,6262.78,No
CUST00365,Male,0,14,Yes,Fiber optic,21.98,339.52,No
CUST00366,Male,0,2,No,No,79.97,150.33,Yes
CUST00367,Female,0,7,No,Fiber optic,78.33,528.93,Yes
CUST00368,Female,0,26,No,No,56.49,1423.14,No
CUST00369,Female,0,33,No,No,22.1,529.94,No
CUST00370,Female,0,3,No,Fiber optic,61.69,191.6,No
CUST00371,Female,0,11,No,Fiber optic,69.1,728.77,Yes
CUST00372,Female,1,43,No,No,67.8,2882.44,Yes
CUST00373,Female,0,55,Yes,No,37.12,2588.86,No
CUST00374,Male,0,2,Yes,Fiber optic,88.84,168.26,Yes
CUST00375,Female,0,13,No,No,75.03,1032.85,No
CUST00376,Male,1,30,No,Fiber optic,31.97,1091.16,No
CUST00377,Female,0,6,No,Fiber optic,102.79,648.05,No
CUST00378,Male,0,67,No,DSL,26.03,2042.58,No
CUST00379,Female,1,10,No,Fiber optic,62.94,578.38,No
CUST00380,Female,1,64,Yes,Fiber optic,87.32,5197.44,No
CUST00381,Male,0,64,No,Fiber optic,91.69,6074.98,Yes
CUST00382,Female,1,3,No,No,97.17,266.32,Yes
CUST00383,Female,0,4,No,Fiber optic,67.28,236.47,No
CUST00384,Male,0,10,Yes,No,85.06,813.2,No
CUST00385,Male,1,19,Yes,No,20.06,251.74,Yes
CUST00386,Male,1,38,No,No,75.4,2708.88,No
CUST00387,Female,1,30,No,Fiber optic,28.83,853.47,Yes
CUST00388,Male,0,4,No,Fiber optic,62.01,208.79,No
CUST00389,Female,0,43,Yes,DSL,86.77,3676.14,No
CUST00390,Male,1,5,No,Fiber optic,71.14,402.59,No
CUST00391,Male,0,19,No,DSL,71.99,1231.69,No
CUST00392,Female,0,17,Yes,DSL,77.19,1401.54,No
CUST00393,Female,0,63,Yes,Fiber optic,99.69,5683.6,No
CUST00394,Female,0,31,Yes,DSL,36.09,1183.95,No
CUST00395,Female,0,5,Yes,Fiber optic,73.0,363.13,No
CUST00396,Female,0,38,No,No,32.26,1447.28,No
CUST00397,Female,0,7,Yes,DSL,94.01,725.25,No
CUST00398,Female,0,12,Yes,No,46.48,614.99,No
CUST00399,Female,0,69,No,DSL,94.51,5942.12,No
CUST00400,Male,0,5,No,DSL,82.51,451.48,No
CUST00401,Male,0,56,Yes,Fiber optic,99.35,5819.4,Yes
CUST00402,Female,0,37,Yes,Fiber optic,40.21,1507.34,No
CUST00403,Male,0,24,No,DSL,26.69,743.34,No
CUST00404,Male,0,9,No,DSL,67.92,569.13,No
CUST00405,Female,0,1,Yes,Fiber optic,93.63,90.86,Yes
CUST00406,Male,0,48,No,No,44.25,2152.97,No
CUST00407,Male,0,3,Yes,Fiber optic,64.92,206.86,No
CUST00408,Male,0,7,No,No,79.79,503.46,Yes
CUST00409,Female,0,22,Yes,DSL,42.37,928.54,No
CUST00410,Male,0,8,No,Fiber optic,61.62,514.69,No
CUST00411,Male,0,54,No,Fiber optic,61.25,3097.29,No
CUST00412,Male,0,15,No,Fiber optic,45.52,616.85,No
CUST00413,Male,0,11,Yes,No,102.79,1193.62,Yes
CUST00414,Male,0,4,Yes,DSL,75.27,282.05,Yes
CUST00415,Male,1,3,No,DSL,66.27,218.62,No
CUST00416,Male,0,2,Yes,Fiber optic,108.18,198.74,Yes
CUST00417,Male,0,40,No,DSL,75.44,2840.31,No
CUST00418,Male,0,12,Yes,Fiber optic,40.96,481.31,No
CUST00419,Male,0,63,No,Fiber optic,27.0,1978.82,No
CUST00420,Male,0,51,Yes,DSL,66.55,3429.29,No
CUST00421,Male,0,24,Yes,Fiber optic,94.18,2431.48,No
CUST00422,Male,1,30,Yes,DSL,23.83,456.17,No
CUST00423,Female,0,1,No,No,94.32,89.22,Yes
CUST00424,Male,0,1,Yes,DSL,101.81,94.41,No
CUST00425,Female,1,41,Yes,DSL,95.2,4193.74,No
CUST00426,Female,0,42,No,DSL,72.25,3216.25,No
CUST00427,Male,0,7,Yes,Fiber optic,99.32,,Yes
CUST00428,Female,0,12,Yes,DSL,22.68,275.77,No
CUST00429,Female,0,42,Yes,No,67.08,2885.19,No
CUST00430,Female,1,16,No,Fiber optic,26.11,316.21,Yes
CUST00431,Female,0,4,No,Fiber optic,91.87,377.25,Yes
CUST00432,Male,0,10,Yes,DSL,75.77,678.67,Yes
CUST00433,Female,1,44,No,No,70.38,3448.77,No
CUST00434,Male,0,27,Yes,DSL,30.53,1030.48,No
CUST00435,Male,0,21,Yes,Fiber optic,36.21,704.27,No
CUST00436,Female,0,69,Yes,Fiber optic,41.17,2804.81,No
CUST00437,Female,0,13,No,Fiber optic,54.46,805.33,No
CUST00438,Male,0,43,Yes,DSL,43.18,2068.7,No
CUST00439,Female,0,1,Yes,No,60.73,65.57,No
CUST00440,Female,0,69,Yes,No,81.24,5436.42,No
CUST00441,Female,1,71,Yes,No,68.01,4827.82,No
CUST00442,Male,0,8,Yes,Fiber optic,69.36,568.63,Yes
CUST00443,Female,1,9,No,Fiber optic,62.59,641.52,Yes
CUST00444,Female,1,23,Yes,No,55.82,1053.89,No
CUST00445,Female,1,27,Yes,No,25.3,735.65,Yes
CUST00446,Male,0,21,Yes,DSL,72.46,1731.52,No
CUST00447,Female,0,1,No,Fiber optic,70.69,76.5,No
CUST00448,Female,0,35,No,DSL,91.08,2999.22,No
CUST00449,Male,1,9,Yes,DSL,94.3,795.26,Yes
CUST00450,Male,0,42,Yes,DSL,52.37,2506.28,No
CUST00451,Male,1,38,Yes,DSL,44.36,1946.84,No
CUST00452,Male,0,13,No,Fiber optic,46.99,659.26,Yes
CUST00453,Male,0,1,No,Fiber optic,93.53,100.49,Yes
CUST00454,Female,0,26,Yes,Fiber optic,78.63,2091.69,No
CUST00455,Female,0,44,Yes,No,69.68,2666.63,No
CUST00456,Male,0,59,No,Fiber optic,93.76,5495.45,No
CUST00457,Female,0,10,No,Fiber optic,75.73,,No
CUST00458,Male,1,8,No,DSL,99.69,811.51,No
CUST00459,Female,0,65,Yes,DSL,94.93,6128.81,No
CUST00460,Female,0,6,No,No,107.04,622.49,Yes
CUST00461,Male,0,72,No,DSL,50.99,2998.9,No
CUST00462,Male,0,2,Yes,DSL,77.44,172.34,No
CUST00463,Male,0,14,Yes,Fiber optic,37.52,644.94,No
CUST00464,Male,0,58,Yes,DSL,24.25,896.01,No
CUST00465,Female,0,7,Yes,Fiber optic,108.45,794.2,Yes
CUST00466,Male,1,10,Yes,Fiber optic,92.69,929.68,No
CUST00467,Female,0,28,No,DSL,50.47,1607.79,No
CUST00468,Female,0,11,Yes,DSL,94.65,1014.05,Yes
CUST00469,Male,0,7,Yes,Fiber optic,90.03,661.45,No
CUST00470,Male,0,49,No,DSL,59.64,3277.03,No
CUST00471,Male,0,12,No,Fiber optic,42.18,486.73,No
CUST00472,Male,0,69,No,Fiber optic,62.76,4669.47,No
CUST00473,Male,0,0,No,DSL,62.7,,No
CUST00474,Female,0,33,No,DSL,65.36,2013.04,No
CUST00475,Male,0,16,No,DSL,71.74,1093.87,No
CUST00476,Male,0,34,Yes,Fiber optic,94.72,2943.46,No
CUST00477,Male,0,7,Yes,Fiber optic,73.44,479.92,No
CUST00478,Female,1,10,Yes,No,81.98,747.05,Yes
CUST00479,Male,0,7,No,Fiber optic,86.53,619.1,No
CUST00480,Male,0,30,No,Fiber optic,78.63,2063.91,No
CUST00481,Female,0,11,No,DSL,69.44,773.77,No
CUST00482,Female,0,15,Yes,DSL,80.71,1067.57,No
CUST00483,Male,1,9,Yes,Fiber optic,101.72,911.15,Yes
CUST00484,Female,1,16,Yes,DSL,74.91,1358.34,No
CUST00485,Female,0,12,Yes,Fiber optic,33.29,329.23,Yes
CUST00486,Male,0,69,No,DSL,63.45,4726.79,No
CUST00487,Female,0,8,No,Fiber optic,89.55,720.57,No
CUST00488,Female,1,0,No,DSL,75.81,,Yes
CUST00489,Female,0,26,No,DSL,25.41,576.42,No
CUST00490,Female,0,22,Yes,Fiber optic,20.43,293.82,No
CUST00491,Female,1,9,Yes,Fiber optic,72.89,624.0,Yes
CUST00492,Female,0,4,Yes,DSL,60.34,240.82,No
CUST00493,Female,0,0,No,DSL,71.85,,Yes
CUST00494,Male,1,26,Yes,No,92.66,2376.69,No
CUST00495,Male,0,48,No,DSL,34.1,1990.27,No
CUST00496,Male,0,54,No,No,47.41,2315.27,No
CUST00497,Male,0,3,Yes,DSL,74.47,245.13,No
CUST00498,Female,0,8,Yes,DSL,106.69,892.36,No
CUST00499,Male,1,33,Yes,Fiber optic,39.99,1309.44,Yes
CUST00500,Male,1,6,Yes,Fiber optic,76.75,420.97,Yes
CUST00501,Female,0,2,Yes,Fiber optic,90.94,197.75,Yes
CUST00502,Female,1,38,No,Fiber optic,24.35,1149.66,No
CUST00503,Male,0,46,Yes,DSL,89.39,4515.61,No
CUST00504,Female,0,23,No,DSL,39.35,740.85,No
CUST00505,Male,0,31,Yes,No,96.53,3104.03,No
CUST00506,Male,0,8,No,DSL,75.17,555.29,Yes
CUST00507,Female,0,3,No,Fiber optic,100.94,309.75,Yes
CUST00508,Male,0,4,Yes,DSL,60.04,260.13,No
CUST00509,Male,0,35,No,DSL,23.92,703.13,No
CUST00510,Female,0,4,No,DSL,77.98,337.68,No
CUST00511,Female,1,60,Yes,No,60.88,3581.5,No
CUST00512,Female,0,31,No,DSL,59.6,2106.59,No
CUST00513,Female,1,22,Yes,DSL,35.61,608.51,Yes
CUST00514,Female,0,9,No,Fiber optic,98.16,850.0,Yes
CUST00515,Female,0,33,Yes,DSL,89.19,,No
CUST00516,Female,0,56,Yes,DSL,51.41,3157.7,No
CUST00517,Male,0,30,Yes,Fiber optic,27.41,693.74,Yes
CUST00518,Female,1,9,Yes,DSL,72.01,637.03,Yes
CUST00519,Male,0,12,Yes,DSL,37.02,426.58,No
CUST00520,Female,1,14,No,Fiber optic,26.07,289.25,No
CUST00521,Male,0,35,No,DSL,80.9,2500.64,No
CUST00522,Female,0,44,No,No,33.26,,No
CUST00523,Female,0,48,No,Fiber optic,67.62,3494.39,No
CUST00524,Male,0,4,No,No,91.74,336.66,Yes
CUST00525,Female,0,49,Yes,No,67.49,3655.92,No
CUST00526,Male,0,10,Yes,DSL,109.09,1121.72,Yes
CUST00527,Female,0,58,Yes,Fiber optic,41.43,2738.29,No
CUST00528,Female,0,47,Yes,Fiber optic,59.57,2617.92,Yes
CUST00529,Female,0,52,No,DSL,35.91,1716.19,No
CUST00530,Female,0,3,Yes,Fiber optic,102.86,298.01,No
CUST00531,Female,0,17,Yes,DSL,42.29,572.24,No
CUST00532,Male,0,22,No,DSL,21.01,356.03,No
CUST00533,Female,0,9,Yes,DSL,60.58,473.26,No
CUST00534,Female,0,10,No,DSL,90.87,990.37,Yes
CUST00535,Male,0,0,Yes,DSL,70.52,,Yes
CUST00536,Male,0,41,Yes,No,53.43,1850.17,No
CUST00537,Male,0,29,No,Fiber optic,40.14,947.79,Yes
CUST00538,Male,0,10,No,No,99.02,917.21,No
CUST00539,Female,0,55,Yes,DSL,26.13,1596.9,No
CUST00540,Female,0,56,No,Fiber optic,71.1,,No
CUST00541,Female,1,9,Yes,No,62.96,598.39,No
CUST00542,Female,0,55,No,DSL,66.67,3764.66,No
CUST00543,Male,0,61,Yes,Fiber optic,38.27,2595.05,No
CUST00544,Female,0,11,No,DSL,69.77,,No
CUST00545,Female,1,46,Yes,No,51.88,2801.61,No
CUST00546,Male,0,11,Yes,Fiber optic,109.74,1224.41,No
CUST00547,Female,0,0,Yes,Fiber optic,98.6,,Yes
CUST00548,Female,0,9,No,Fiber optic,61.63,601.01,No
CUST00549,Female,0,8,Yes,DSL,68.96,496.27,No
CUST00550,Male,0,47,No,Fiber optic,71.13,3428.28,Yes
CUST00551,Male,0,9,Yes,Fiber optic,106.01,896.5,Yes
CUST00552,Female,0,30,No,DSL,33.29,1234.67,No
CUST00553,Female,0,34,No,Fiber optic,80.38,,No
CUST00554,Female,1,13,No,Fiber optic,97.82,1217.68,No
CUST00555,Female,0,71,Yes,Fiber optic,55.92,4592.13,No
CUST00556,Female,0,2,Yes,DSL,88.15,188.26,Yes
CUST00557,Female,0,12,Yes,Fiber optic,68.39,899.75,Yes
CUST00558,Male,0,56,Yes,No,71.42,3839.16,No
CUST00559,Male,0,3,Yes,DSL,89.16,280.21,Yes
CUST00560,Male,0,63,No,Fiber optic,46.86,2813.8,Yes
CUST00561,Female,1,7,No,DSL,78.05,553.53,No
CUST00562,Female,0,28,Yes,Fiber optic,45.36,1502.75,No
CUST00563,Male,1,5,Yes,No,61.67,261.7,No
CUST00564,Female,0,18,Yes,No,53.03,977.35,No
CUST00565,Male,0,30,No,Fiber optic,99.09,3197.92,Yes
CUST00566,Female,0,69,No,No,25.4,2031.17,No
CUST00567,Male,0,35,No,Fiber optic,69.94,2303.48,No
CUST00568,Female,0,27,Yes,No,45.18,1219.19,No
CUST00569,Male,0,6,Yes,Fiber optic,101.33,594.37,Yes
CUST00570,Female,0,19,Yes,DSL,58.27,1241.52,No
CUST00571,Female,0,34,No,DSL,56.34,1974.97,No
CUST00572,Female,0,51,Yes,DSL,62.99,,No
CUST00573,Female,0,43,Yes,Fiber optic,77.46,2959.98,Yes
CUST00574,Male,1,35,Yes,Fiber optic,43.29,1704.99,No
CUST00575,Female,1,12,Yes,No,75.05,780.98,No
CUST00576,Male,0,9,No,DSL,89.43,787.78,Yes
CUST00577,Female,0,6,Yes,Fiber optic,98.06,603.9,Yes
CUST00578,Male,1,43,Yes,Fiber optic,42.74,1888.07,Yes
CUST00579,Female,0,51,Yes,DSL,73.7,3703.01,No
CUST00580,Male,0,27,Yes,DSL,40.95,929.23,No
CUST00581,Male,0,0,No,DSL,64.14,,No
CUST00582,Female,0,11,No,DSL,91.62,1027.03,Yes
CUST00583,Female,0,34,Yes,DSL,85.01,2989.96,No
CUST00584,Male,0,39,Yes,Fiber optic,87.84,3133.28,No
CUST00585,Female,0,25,Yes,Fiber optic,42.81,1013.94,Yes
CUST00586,Female,0,34,No,Fiber optic,49.88,1700.19,No
CUST00587,Male,0,11,No,DSL,61.73,605.96,No
CUST00588,Female,0,50,Yes,No,89.5,,No
CUST00589,Female,0,67,Yes,DSL,75.46,4989.91,No
CUST00590,Male,0,2,Yes,Fiber optic,68.64,,Yes
CUST00591,Male,0,12,Yes,Fiber optic,98.59,1224.24,No
CUST00592,Male,0,22,Yes,No,99.42,2398.97,No
CUST00593,Male,0,26,Yes,No,50.63,1402.39,No
CUST00594,Female,0,9,No,DSL,71.88,593.14,No
CUST00595,Male,0,5,No,Fiber optic,65.69,287.19,No
CUST00596,Male,0,71,No,DSL,86.95,5909.98,No
CUST00597,Male,1,37,Yes,No,30.24,839.21,No
CUST00598,Male,0,10,Yes,Fiber optic,106.18,1105.74,Yes
CUST00599,Male,1,47,Yes,Fiber optic,88.18,3985.69,Yes
CUST00600,Male,0,48,Yes,No,37.96,2187.83,No
CUST00601,Male,0,67,Yes,DSL,82.4,5796.78,No
CUST00602,Female,0,23,Yes,Fiber optic,28.26,493.54,No
CUST00603,Male,0,11,Yes,No,72.62,,No
CUST00604,Female,0,5,No,DSL,77.7,391.87,Yes
CUST00605,Female,1,11,No,Fiber optic,70.14,694.5,Yes
CUST00606,Female,0,10,Yes,Fiber optic,79.86,772.57,Yes
CUST00607,Female,0,2,Yes,No,106.04,214.11,No
CUST00608,Male,0,10,Yes,Fiber optic,69.74,701.87,Yes
CUST00609,Female,0,19,Yes,No,38.56,566.68,No
CUST00610,Female,0,10,Yes,DSL,102.54,988.77,Yes
CUST00611,Male,1,30,No,Fiber optic,34.39,,No
CUST00612,Female,1,8,Yes,Fiber optic,82.38,675.7,Yes
CUST00613,Female,0,15,No,DSL,28.76,485.38,No
CUST00614,Male,0,3,Yes,No,70.01,222.55,No
CUST00615,Female,0,6,Yes,No,88.02,497.64,No
CUST00616,Male,0,4,No,DSL,101.66,445.79,No
CUST00617,Male,0,41,No,DSL,20.74,1164.33,No
CUST00618,Male,1,9,Yes,Fiber optic,69.96,610.99,Yes
CUST00619,Female,0,66,Yes,Fiber optic,20.66,1781.23,No
CUST00620,Male,0,71,Yes,DSL,55.35,4066.48,No
CUST00621,Male,0,2,No,No,86.83,158.58,Yes
CUST00622,Female,0,23,No,No,94.99,2208.27,No
CUST00623,Male,0,0,No,Fiber optic,61.0,,No
CUST00624,Male,0,4,Yes,No,107.29,420.67,Yes
CUST00625,Female,0,19,No,Fiber optic,35.73,548.53,No
CUST00626,Male,0,36,Yes,No,25.82,1135.92,No
CUST00627,Female,0,15,Yes,No,64.92,858.68,No
CUST00628,Male,0,10,No,No,73.45,731.18,Yes
CUST00629,Female,0,2,No,DSL,66.65,,No
CUST00630,Male,0,13,Yes,DSL,21.09,347.75,No
CUST00631,Male,0,8,No,No,70.41,505.67,Yes
CUST00632,Female,0,62,No,Fiber optic,53.22,3410.89,No
CUST00633,Female,0,13,No,DSL,29.15,310.3,No
CUST00634,Female,1,27,No,DSL,20.95,509.81,Yes
CUST00635,Male,0,51,Yes,Fiber optic,24.34,824.33,No
CUST00636,Male,0,43,No,Fiber optic,57.46,2291.67,No
CUST00637,Female,0,71,Yes,DSL,47.45,3304.55,No
CUST00638,Female,1,71,Yes,Fiber optic,37.21,2070.72,No
CUST00639,Male,0,25,Yes,DSL,72.34,1886.79,No
CUST00640,Female,0,57,Yes,Fiber optic,26.66,991.32,Yes
CUST00641,Female,0,18,No,No,54.32,855.21,No
CUST00642,Female,0,9,Yes,DSL,104.71,,No
CUST00643,Male,0,47,Yes,No,50.86,2839.13,No
CUST00644,Female,0,32,No,DSL,61.29,2191.46,No
CUST00645,Female,0,6,No,DSL,98.49,613.31,Yes
CUST00646,Female,0,36,No,No,67.41,2232.7,No
CUST00647,Male,1,67,No,Fiber optic,80.35,5140.14,Yes
CUST00648,Male,0,8,No,DSL,83.0,733.61,No
CUST00649,Female,0,65,Yes,Fiber optic,24.45,1346.69,Yes
CUST00650,Female,1,12,Yes,No,80.31,892.93,No
CUST00651,Male,0,1,No,Fiber optic,69.81,64.45,No
CUST00652,Male,0,54,Yes,DSL,52.02,2670.42,No
CUST00653,Male,0,65,No,Fiber optic,46.86,2599.27,Yes
CUST00654,Female,0,0,No,DSL,77.78,,Yes
CUST00655,Male,0,44,Yes,Fiber optic,84.16,3728.04,Yes
CUST00656,Male,0,2,No,DSL,63.07,107.55,No
CUST00657,Female,0,7,No,DSL,83.14,606.93,Yes
CUST00658,Female,0,4,No,Fiber optic,87.82,354.41,No
CUST00659,Female,0,10,Yes,Fiber optic,70.85,785.31,No
CUST00660,Female,0,6,No,No,90.84,505.62,Yes
CUST00661,Female,0,64,Yes,No,83.29,5203.44,No
CUST00662,Male,0,3,No,DSL,64.64,202.36,No
CUST00663,Male,0,31,Yes,Fiber optic,49.56,1373.32,Yes
CUST00664,Female,0,38,Yes,Fiber optic,90.78,3751.28,Yes
CUST00665,Male,0,38,Yes,No,31.19,1084.11,No
CUST00666,Female,0,50,Yes,DSL,89.58,4552.34,No
CUST00667,Male,0,60,No,DSL,99.25,6044.6,No
CUST00668,Male,1,57,No,DSL,81.91,4430.17,No
CUST00669,Female,0,9,Yes,Fiber optic,106.43,968.19,Yes
CUST00670,Male,0,6,Yes,No,87.31,554.2,Yes
CUST00671,Female,0,71,No,No,37.02,2997.76,No
CUST00672,Female,0,43,Yes,DSL,58.68,2507.0,No
CUST00673,Male,0,7,Yes,No,77.0,578.54,No
CUST00674,Female,0,39,No,Fiber optic,29.21,1018.03,Yes
CUST00675,Male,0,11,No,No,84.68,975.87,Yes
CUST00676,Female,0,12,No,Fiber optic,28.19,246.89,No
CUST00677,Male,0,25,No,DSL,49.51,1258.78,No
CUST00678,Male,0,22,No,DSL,97.34,1948.51,No
CUST00679,Male,0,26,No,DSL,51.0,1363.84,No
CUST00680,Male,0,5,No,Fiber optic,70.73,378.9,Yes
CUST00681,Male,1,48,No,Fiber optic,63.5,2968.79,No
CUST00682,Male,0,48,Yes,DSL,92.85,4284.47,No
CUST00683,Female,0,18,Yes,Fiber optic,82.98,1322.44,No
CUST00684,Male,0,42,Yes,DSL,60.6,2832.77,No
CUST00685,Male,0,27,Yes,No,89.46,2291.14,No
CUST00686,Male,0,43,Yes,DSL,92.99,3746.07,No
CUST00687,Male,0,5,No,Fiber optic,73.03,386.18,Yes
CUST00688,Male,0,14,No,Fiber optic,38.95,418.62,No
CUST00689,Male,0,52,Yes,DSL,71.17,3892.37,No
CUST00690,Female,0,9,No,Fiber optic,62.37,578.6,No
CUST00691,Female,0,57,No,No,94.88,5107.99,No
CUST00692,Male,0,24,Yes,Fiber optic,60.39,1453.36,No
CUST00693,Female,0,0,Yes,No,85.28,,Yes
CUST00694,Male,0,36,Yes,DSL,41.55,1550.48,No
CUST00695,Female,0,4,No,DSL,64.21,286.47,No
CUST00696,Female,1,4,No,Fiber optic,70.47,317.69,Yes
CUST00697,Male,0,4,Yes,DSL,101.16,376.52,No
CUST00698,Female,0,24,Yes,DSL,57.03,1563.33,No
CUST00699,Male,1,55,Yes,DSL,22.47,1402.96,No
CUST00700,Female,0,47,No,DSL,46.57,1933.5,No
CUST00701,Female,0,37,Yes,Fiber optic,95.12,3198.51,No
CUST00702,Male,0,59,No,DSL,77.77,4890.57,No
CUST00703,Male,0,3,No,DSL,106.5,349.23,No
CUST00704,Female,1,5,No,DSL,63.94,337.07,No
CUST00705,Female,1,72,Yes,Fiber optic,62.14,4022.39,No
CUST00706,Male,0,19,No,Fiber optic,55.42,1137.56,No
CUST00707,Male,0,49,Yes,Fiber optic,34.43,1244.47,No
CUST00708,Male,0,58,No,Fiber optic,65.78,3593.89,No
CUST00709,Male,1,0,Yes,Fiber optic,68.24,,Yes
CUST00710,Male,0,64,No,No,33.61,1913.04,No
CUST00711,Male,0,30,Yes,Fiber optic,81.19,2503.21,No
CUST00712,Male,1,47,Yes,DSL,60.63,2753.04,Yes
CUST00713,Male,0,11,No,Fiber optic,67.25,803.27,No
CUST00714,Female,0,27,Yes,DSL,67.65,1779.73,No
CUST00715,Female,0,47,Yes,DSL,58.63,3074.82,No
CUST00716,Female,0,67,Yes,DSL,69.31,4517.97,No
CUST00717,Female,0,8,No,DSL,68.62,534.33,No
CUST00718,Female,1,2,No,Fiber optic,101.42,205.06,Yes
CUST00719,Female,0,66,Yes,DSL,98.01,7104.16,No
CUST00720,Male,0,13,Yes,DSL,90.89,1161.76,No
CUST00721,Female,1,36,No,Fiber optic,65.08,1986.42,No
CUST00722,Male,0,55,No,DSL,92.61,5301.86,No
CUST00723,Female,0,65,Yes,Fiber optic,89.84,6402.79,Yes
CUST00724,Male,0,3,Yes,Fiber optic,82.62,226.35,No
CUST00725,Female,0,38,No,DSL,49.0,1702.31,No
CUST00726,Female,0,10,No,DSL,76.15,761.59,No
CUST00727,Male,0,21,No,No,25.1,579.41,No
CUST00728,Male,0,33,Yes,DSL,85.04,3043.39,No
CUST00729,Male,0,9,No,No,106.12,1004.64,Yes
CUST00730,Male,0,37,Yes,Fiber optic,76.4,2891.16,No
CUST00731,Male,0,54,No,DSL,81.2,4317.44,No
CUST00732,Female,0,1,No,Fiber optic,101.82,93.77,No
CUST00733,Male,0,10,Yes,Fiber optic,105.64,1119.89,No
CUST00734,Female,0,8,No,No,62.17,517.03,No
CUST00735,Female,0,9,Yes,DSL,95.69,791.07,Yes
CUST00736,Female,0,9,Yes,Fiber optic,88.34,799.78,Yes
CUST00737,Male,0,8,Yes,DSL,60.86,457.0,No
CUST00738,Female,0,57,Yes,Fiber optic,72.4,,Yes
CUST00739,Female,0,1,Yes,No,85.51,89.95,Yes
CUST00740,Male,0,20,Yes,Fiber optic,61.21,1395.45,Yes
CUST00741,Male,0,57,No,No,54.62,3468.73,No
CUST00742,Male,0,69,Yes,Fiber optic,82.24,5239.28,No
CUST00743,Male,0,5,Yes,DSL,74.94,413.05,Yes
CUST00744,Female,0,41,No,DSL,63.42,2635.48,No
CUST00745,Female,0,2,No,Fiber optic,67.13,126.61,Yes
CUST00746,Male,0,58,Yes,Fiber optic,42.78,2942.74,No
CUST00747,Female,0,23,Yes,Fiber optic,51.63,1049.29,No
CUST00748,Female,0,66,No,Fiber optic,55.25,3834.43,Yes
CUST00749,Female,0,2,Yes,DSL,61.46,133.43,No
CUST00750,Male,1,44,No,Fiber optic,54.93,2381.93,Yes
CUST00751,Female,0,5,No,DSL,79.2,444.25,Yes
CUST00752,Female,0,9,Yes,DSL,98.09,839.11,No
CUST00753,Male,0,11,Yes,Fiber optic,106.92,1282.74,Yes
CUST00754,Male,0,10,Yes,No,84.15,884.24,No
CUST00755,Female,1,5,Yes,Fiber optic,83.34,462.61,No
CUST00756,Male,0,4,No,No,104.54,418.97,Yes
CUST00757,Male,0,69,Yes,No,33.03,2536.52,No
CUST00758,Male,0,9,Yes,Fiber optic,103.3,854.81,Yes
CUST00759,Female,0,61,Yes,Fiber optic,88.15,5878.91,No
CUST00760,Female,0,4,Yes,No,106.45,440.12,Yes
CUST00761,Female,1,17,Yes,Fiber optic,52.36,799.33,No
CUST00762,Male,1,0,Yes,DSL,96.37,,Yes
CUST00763,Male,1,53,No,Fiber optic,71.58,3704.56,Yes
CUST00764,Male,0,62,No,No,39.91,2012.81,No
CUST00765,Female,1,21,Yes,DSL,58.32,1122.03,No
CUST00766,Male,1,72,Yes,Fiber optic,98.62,6485.31,No
CUST00767,Male,1,1,Yes,Fiber optic,97.62,105.1,Yes
CUST00768,Female,0,69,No,DSL,43.21,3473.21,No
CUST00769,Male,0,24,No,No,46.81,948.69,No
CUST00770,Female,0,30,Yes,No,96.77,3119.77,No
CUST00771,Female,1,63,No,Fiber optic,80.64,4796.74,Yes
CUST00772,Male,0,62,No,Fiber optic,56.07,3933.82,No
CUST00773,Male,0,10,Yes,DSL,77.69,815.95,Yes
CUST00774,Male,0,7,No,DSL,90.38,638.05,Yes
CUST00775,Male,0,5,No,Fiber optic,66.83,375.0,No
CUST00776,Male,0,47,Yes,DSL,80.35,3497.97,No
CUST00777,Female,0,5,Yes,No,85.92,444.72,No
CUST00778,Female,1,19,No,DSL,98.82,1707.9,Yes
CUST00779,Female,0,5,No,Fiber optic,99.85,478.66,Yes
CUST00780,Female,0,29,Yes,Fiber optic,47.26,1187.46,No
CUST00781,Male,0,9,Yes,DSL,64.87,505.9,No
CUST00782,Female,1,67,No,Fiber optic,36.73,2840.23,No
CUST00783,Female,0,41,No,DSL,53.69,1891.67,No
CUST00784,Male,0,50,Yes,No,28.61,1865.74,No
CUST00785,Female,0,8,No,Fiber optic,75.98,661.78,Yes
CUST00786,Female,0,40,No,DSL,43.28,1655.73,No
CUST00787,Male,1,18,Yes,Fiber optic,36.28,533.39,Yes
CUST00788,Male,0,72,No,No,38.6,2248.41,No
CUST00789,Male,0,11,Yes,DSL,78.22,829.23,Yes
CUST00790,Female,0,59,No,DSL,49.11,3391.1,No
CUST00791,Female,0,11,No,DSL,60.13,574.36,No
CUST00792,Female,0,27,No,DSL,91.7,2657.38,No
CUST00793,Female,0,56,Yes,Fiber optic,56.38,2736.78,No
CUST00794,Male,0,1,Yes,No,70.99,67.79,No
CUST00795,Male,0,40,No,DSL,28.04,1120.26,No
CUST00796,Male,0,62,No,No,30.96,1439.35,No
CUST00797,Female,0,66,No,DSL,73.96,5098.83,No
CUST00798,Female,0,44,Yes,DSL,92.69,4377.0,No
CUST00799,Male,0,67,No,No,76.03,4511.13,No
CUST00800,Female,0,49,No,DSL,99.79,4522.52,No
CUST00801,Male,0,2,Yes,No,88.01,176.66,Yes
CUST00802,Female,1,17,No,No,23.2,360.53,No
CUST00803,Female,0,31,Yes,DSL,30.93,801.63,No
CUST00804,Female,0,66,No,No,63.61,3826.15,No
CUST00805,Male,0,72,No,DSL,27.8,2295.14,No
CUST00806,Male,1,49,Yes,Fiber optic,30.0,1015.48,No
CUST00807,Female,1,54,Yes,DSL,66.86,3633.57,Yes
CUST00808,Male,1,10,No,DSL,69.55,699.91,No
CUST00809,Male,1,65,Yes,DSL,46.29,2986.3,No
CUST00810,Female,1,3,No,Fiber optic,74.04,226.91,Yes
CUST00811,Female,0,55,Yes,Fiber optic,63.0,3814.54,No
CUST00812,Female,0,8,Yes,Fiber optic,83.75,641.78,No
CUST00813,Male,1,0,Yes,DSL,76.34,,Yes
CUST00814,Female,0,72,Yes,No,99.0,6644.31,No
CUST00815,Male,0,53,No,DSL,69.93,3664.78,No
CUST00816,Male,0,17,Yes,DSL,63.15,1002.39,No
CUST00817,Male,0,36,Yes,DSL,89.61,3160.67,No
CUST00818,Female,0,1,Yes,No,69.84,62.15,No
CUST00819,Female,0,55,Yes,No,34.15,2084.09,No
CUST00820,Male,0,5,No,Fiber optic,61.17,343.05,No
CUST00821,Male,0,53,No,Fiber optic,84.67,4930.21,No
CUST00822,Male,0,64,Yes,DSL,96.87,5986.01,No
CUST00823,Female,0,65,No,DSL,57.78,,No
CUST00824,Male,0,39,No,DSL,40.36,1292.96,No
CUST00825,Female,0,20,Yes,No,56.46,1115.18,No
CUST00826,Female,0,7,No,Fiber optic,99.19,727.91,Yes
CUST00827,Female,1,6,Yes,Fiber optic,88.55,517.04,Yes
CUST00828,Female,0,50,No,DSL,88.37,4759.42,No
CUST00829,Male,0,26,No,No,45.28,1181.53,No
CUST00830,Female,1,13,No,Fiber optic,48.14,726.96,No
CUST00831,Female,0,55,Yes,DSL,32.23,1869.89,No
CUST00832,Male,0,30,No,DSL,91.2,2811.68,No
CUST00833,Female,0,3,Yes,Fiber optic,108.57,337.77,Yes
CUST00834,Female,0,25,No,Fiber optic,85.81,1933.35,No
CUST00835,Male,0,22,Yes,DSL,28.37,792.58,No
CUST00836,Male,0,6,No,Fiber optic,104.6,596.1,Yes
CUST00837,Female,0,70,Yes,DSL,44.39,2779.57,No
CUST00838,Male,1,18,No,Fiber optic,69.53,1279.07,Yes
CUST00839,Female,0,13,Yes,Fiber optic,64.61,959.8,Yes
CUST00840,Female,0,47,Yes,No,31.95,1658.68,No
CUST00841,Female,1,23,No,No,79.66,1646.33,No
CUST00842,Male,1,28,Yes,Fiber optic,86.93,2302.21,No
CUST00843,Male,0,12,No,No,83.79,1093.17,No
CUST00844,Female,0,66,Yes,Fiber optic,78.46,4569.23,No
CUST00845,Female,0,67,Yes,DSL,67.15,4996.93,No
CUST00846,Male,0,70,Yes,Fiber optic,58.74,4358.59,Yes
CUST00847,Female,0,6,No,DSL,69.12,360.58,No
CUST00848,Male,1,52,No,No,69.0,3646.11,No
CUST00849,Male,0,25,No,Fiber optic,84.42,1981.43,No
CUST00850,Male,1,6,Yes,Fiber optic,67.77,419.97,Yes
CUST00851,Male,0,55,No,DSL,98.08,5080.59,No
CUST00852,Male,0,44,Yes,DSL,63.46,3207.61,No
CUST00853,Female,0,59,No,Fiber optic,23.97,,Yes
CUST00854,Female,0,17,No,DSL,83.7,1488.63,No
CUST00855,Male,0,58,No,Fiber optic,73.84,,No
CUST00856,Female,1,11,No,DSL,100.52,1080.75,No
CUST00857,Male,0,51,No,DSL,92.69,5078.12,No
CUST00858,Male,0,18,Yes,DSL,99.53,1914.05,No
CUST00859,Female,0,18,Yes,Fiber optic,32.05,722.54,Yes
CUST00860,Male,0,7,Yes,DSL,87.5,577.06,Yes
CUST00861,Male,0,35,No,DSL,66.94,2487.88,No
CUST00862,Female,0,26,Yes,DSL,51.21,1450.04,No
CUST00863,Male,0,24,Yes,DSL,74.75,1716.67,No
CUST00864,Female,0,28,Yes,No,40.98,993.1,No
CUST00865,Female,0,22,Yes,DSL,58.96,1416.62,No
CUST00866,Male,1,8,No,DSL,65.19,,Yes
CUST00867,Female,0,47,No,DSL,99.26,5116.3,No
CUST00868,Male,0,3,Yes,Fiber optic,85.29,251.7,Yes
CUST00869,Male,1,37,No,DSL,81.86,2953.25,Yes
CUST00870,Female,0,58,No,DSL,90.23,5756.9,No
CUST00871,Female,0,43,No,Fiber optic,93.01,3766.38,No
CUST00872,Male,0,9,Yes,Fiber optic,69.08,577.65,No
CUST00873,Male,0,22,Yes,No,34.98,550.36,No
CUST00874,Male,0,22,Yes,Fiber optic,84.85,2046.62,Yes
CUST00875,Female,0,12,Yes,Fiber optic,50.59,676.31,No
CUST00876,Male,0,54,No,Fiber optic,50.72,2670.17,Yes
CUST00877,Female,0,11,Yes,Fiber optic,80.96,798.66,No
CUST00878,Male,1,3,Yes,No,107.87,329.12,Yes
CUST00879,Female,0,9,No,DSL,94.35,850.7,No
CUST00880,Female,1,48,Yes,DSL,79.46,4158.46,No
CUST00881,Female,0,42,Yes,DSL,34.38,1758.98,No
CUST00882,Female,0,1,Yes,No,78.85,70.46,No
CUST00883,Male,0,36,No,Fiber optic,99.43,3775.73,Yes
CUST00884,Male,0,34,No,DSL,94.82,3098.6,No
CUST00885,Male,1,1,No,Fiber optic,65.68,67.73,No
CUST00886,Male,0,36,No,Fiber optic,21.97,1009.85,Yes
CUST00887,Female,0,10,Yes,No,98.36,985.97,Yes
CUST00888,Male,0,63,Yes,DSL,47.75,2427.43,No
CUST00889,Male,0,33,No,Fiber optic,54.26,1476.09,No
CUST00890,Female,0,9,No,Fiber optic,72.71,566.86,No
CUST00891,Male,0,56,No,DSL,54.39,3506.2,No
CUST00892,Male,1,9,No,Fiber optic,70.37,594.57,No
CUST00893,Male,0,59,Yes,Fiber optic,87.23,4560.22,No
CUST00894,Male,0,47,No,DSL,42.88,2059.98,No
CUST00895,Female,0,68,Yes,DSL,49.31,2829.57,No
CUST00896,Female,0,23,No,Fiber optic,46.99,1103.64,No
CUST00897,Male,0,3,Yes,DSL,79.3,210.63,Yes
CUST00898,Male,0,49,No,No,43.03,1710.38,No
CUST00899,Male,0,62,Yes,Fiber optic,81.78,5495.84,No
CUST00900,Male,1,44,No,DSL,52.02,2313.03,No
CUST00901,Male,0,46,Yes,No,53.04,2663.41,No
CUST00902,Female,1,50,No,Fiber optic,90.83,4408.76,Yes
CUST00903,Male,0,6,No,DSL,73.68,424.35,Yes
CUST00904,Female,0,3,Yes,No,83.78,258.77,Yes
CUST00905,Male,1,0,Yes,Fiber optic,89.52,,Yes
CUST00906,Male,1,63,No,DSL,95.41,5918.53,No
CUST00907,Female,0,71,Yes,Fiber optic,99.03,7050.63,Yes
CUST00908,Female,0,4,Yes,No,81.93,352.53,No
CUST00909,Male,0,4,Yes,Fiber optic,105.37,412.62,Yes
CUST00910,Male,0,54,No,DSL,77.89,4074.11,No
CUST00911,Female,0,4,Yes,DSL,81.21,355.39,No
CUST00912,Female,0,54,No,Fiber optic,76.24,4029.17,No
CUST00913,Male,0,12,Yes,Fiber optic,42.92,512.4,No
CUST00914,Male,1,22,Yes,DSL,35.27,904.51,Yes
CUST00915,Female,0,9,Yes,No,95.13,919.23,Yes
CUST00916,Female,1,0,No,No,82.75,,No
CUST00917,Female,0,2,No,DSL,61.09,138.07,No
CUST00918,Female,0,53,No,Fiber optic,21.51,879.01,No
CUST00919,Female,1,66,No,Fiber optic,86.84,5986.54,No
CUST00920,Female,0,45,No,Fiber optic,32.49,,No
CUST00921,Female,0,27,Yes,DSL,84.05,2136.38,No
CUST00922,Male,0,39,No,Fiber optic,76.37,3256.92,No
CUST00923,Male,0,41,Yes,Fiber optic,75.48,3492.82,No
CUST00924,Female,0,4,No,Fiber optic,100.44,435.08,No
CUST00925,Male,0,30,No,DSL,71.88,2236.1,No
CUST00926,Female,0,9,No,Fiber optic,66.21,582.74,No
CUST00927,Male,1,37,No,Fiber optic,22.81,567.89,No
CUST00928,Male,1,1,No,No,93.21,89.1,No
CUST00929,Male,0,10,Yes,DSL,69.03,605.85,No
CUST00930,Female,0,16,Yes,No,98.56,1734.49,No
CUST00931,Male,0,5,Yes,No,62.17,290.27,No
CUST00932,Male,0,40,Yes,Fiber optic,52.43,1987.85,No
CUST00933,Male,0,18,Yes,Fiber optic,82.2,1487.16,Yes
CUST00934,Male,0,5,Yes,Fiber optic,81.29,356.89,No
CUST00935,Male,0,43,No,Fiber optic,80.47,3360.55,No
CUST00936,Female,0,12,Yes,Fiber optic,44.17,,No
CUST00937,Female,0,59,No,Fiber optic,24.31,1911.32,No
CUST00938,Female,0,2,Yes,No,98.0,204.07,Yes
CUST00939,Male,1,38,No,DSL,22.03,1082.6,No
CUST00940,Male,1,12,No,DSL,23.45,195.15,No
CUST00941,Male,0,17,No,Fiber optic,37.67,,No
CUST00942,Female,1,12,Yes,Fiber optic,49.13,489.47,No
CUST00943,Female,0,11,No,Fiber optic,76.9,788.9,No
CUST00944,Female,0,61,No,DSL,71.65,3798.14,No
CUST00945,Female,0,68,No,Fiber optic,64.53,,No
CUST00946,Male,1,14,No,DSL,94.1,1230.45,No
CUST00947,Male,1,45,No,Fiber optic,57.76,,No
CUST00948,Female,0,66,No,No,88.82,5939.83,No
CUST00949,Male,0,3,Yes,No,83.01,244.21,No
CUST00950,Female,0,67,No,DSL,53.41,3201.68,No
CUST00951,Male,0,29,No,DSL,94.04,2813.32,No
CUST00952,Male,0,16,Yes,DSL,32.76,479.01,No
CUST00953,Female,0,14,No,Fiber optic,40.53,473.38,No
CUST00954,Male,0,3,No,No,106.82,328.33,Yes
CUST00955,Male,1,65,No,Fiber optic,65.04,3637.38,No
CUST00956,Male,1,10,Yes,DSL,76.96,742.96,Yes
CUST00957,Female,0,28,No,Fiber optic,48.64,1126.63,No
CUST00958,Female,1,42,No,DSL,71.35,2724.21,No
CUST00959,Male,0,9,Yes,Fiber optic,109.28,,No
CUST00960,Female,0,7,No,Fiber optic,63.42,408.17,No
CUST00961,Male,0,72,Yes,Fiber optic,31.18,2577.65,No
CUST00962,Male,0,44,No,Fiber optic,53.33,1990.3,Yes
CUST00963,Male,0,45,No,No,94.11,4470.09,No
CUST00964,Female,0,8,Yes,Fiber optic,104.7,861.65,Yes
CUST00965,Female,0,35,Yes,No,37.12,1437.41,No
CUST00966,Male,0,36,No,DSL,77.12,2771.05,No
CUST00967,Female,0,67,Yes,Fiber optic,75.25,5144.37,No
CUST00968,Female,0,1,Yes,DSL,65.4,63.57,No
CUST00969,Male,1,36,Yes,DSL,40.64,,No
CUST00970,Male,0,3,Yes,Fiber optic,87.77,269.57,Yes
CUST00971,Male,0,11,No,Fiber optic,66.61,808.09,No
CUST00972,Female,0,5,Yes,No,101.05,542.77,Yes
CUST00973,Female,0,49,No,DSL,95.52,5162.55,No
CUST00974,Female,0,69,Yes,DSL,63.36,4060.5,No
CUST00975,Female,1,8,No,DSL,91.93,689.89,No
CUST00976,Male,0,21,Yes,Fiber optic,45.65,1117.21,No
CUST00977,Female,0,17,No,DSL,77.37,1427.72,No
CUST00978,Male,0,32,Yes,Fiber optic,87.31,2914.67,No
CUST00979,Male,0,12,No,No,82.29,1064.22,No
CUST00980,Female,0,67,No,DSL,64.43,4962.3,No
CUST00981,Male,1,4,Yes,DSL,98.45,429.88,No
CUST00982,Male,0,2,Yes,DSL,81.58,171.95,No
CUST00983,Male,0,68,Yes,DSL,44.35,3002.06,No
CUST00984,Male,0,2,No,No,86.8,165.63,No
CUST00985,Female,0,53,No,No,53.17,3247.93,No
CUST00986,Male,0,12,No,DSL,49.47,683.14,No
CUST00987,Female,0,67,No,Fiber optic,68.21,4629.84,No
CUST00988,Male,1,61,Yes,DSL,89.96,5183.34,No
CUST00989,Female,1,12,Yes,DSL,36.44,415.04,No
CUST00990,Female,0,4,Yes,No,95.56,,Yes
CUST00991,Female,1,55,No,DSL,34.78,1877.86,Yes
CUST00992,Female,0,50,No,DSL,34.16,1926.07,No
CUST00993,Female,0,6,Yes,No,69.6,,No
CUST00994,Male,0,24,No,Fiber optic,57.89,1548.4,No
CUST00995,Male,0,66,Yes,Fiber optic,74.71,,Yes
CUST00996,Female,0,7,No,DSL,91.3,678.13,Yes
CUST00997,Female,0,3,No,No,68.88,217.86,No
CUST00998,Female,0,72,No,DSL,41.9,3443.04,No
CUST00999,Male,0,48,No,DSL,32.67,1103.22,No
CUST01000,Female,0,41,Yes,No,24.4,1054.18,No
